{
  "Version": "2012-10-17",
  "Statement": [
    {
      "Effect": "Allow",
      "Principal": {
        "Federated": "arn:aws:iam::904233131690:oidc-provider/oidc.eks.ap-southeast-1.amazonaws.com/id/97681C639C5EAB89D850A04C2218FD3B"
      },
      "Action": "sts:AssumeRoleWithWebIdentity",
      "Condition": {
        "StringEquals": {
          "oidc.eks.ap-southeast-1.amazonaws.com/id/97681C639C5EAB89D850A04C2218FD3B:sub": "system:serviceaccount:kube-system:aws-load-balancer-controller"
        }
      }
    }
  ]
}
